{"loss": [0.7529141485057941, 0.5822706361822727, 0.565746345632174, 0.4281180743382444, 0.423778088935771, 0.3183534623820431, 0.27002690200294766, 0.19508718669821531, 0.31565741954757703, 0.25908111203150974, 0.21397788440511875, 0.18179772900683538, 0.17367464616012862, 0.18421343971773055, 0.19480724212924025], "accuracy": [0.5235204696655273, 0.6115326285362244, 0.7693474888801575, 0.8467375040054321, 0.8376327753067017, 0.8968133330345154, 0.898809552192688, 0.9317147135734558, 0.8653250932693481, 0.8968133330345154, 0.9180576801300049, 0.9389880895614624, 0.9301972389221191, 0.9256449341773987, 0.9024767875671387], "val_loss": [0.6141919791698456, 0.4569312445819378, 0.4661007560789585, 0.20017689559608698, 0.4899783320724964, 0.33049457520246506, 0.17877806816250086, 0.16586785623803735, 0.14783736318349838, 0.274137943983078, 0.19446499925106764, 0.14960703416727483, 0.20685002719983459, 0.1372082915622741, 0.10612915002275258], "val_accuracy": [0.4978354871273041, 0.7662337422370911, 0.6536796689033508, 0.9220778942108154, 0.7532467246055603, 0.8528138399124146, 0.9350649118423462, 0.9307359457015991, 0.9567099809646606, 0.8831169009208679, 0.9350649118423462, 0.9567099809646606, 0.9177489280700684, 0.9437229633331299, 0.9523809552192688]}